#,Name,Type 1,Type 2,Total,HP,Attack,Defense,Sp. Atk,Sp. Def,Speed,Generation,Legendary,x,y
"1",Bulbasaur,Grass,Poison,"318","45","49","49","65","65","45","1",False,1.44289392220904,43.6227219130595
"2",Ivysaur,Grass,Poison,"405","60","62","63","80","80","60","1",False,1.42053365924787,43.6076196891873
"3",Venusaur,Grass,Poison,"525","80","82","83","100","100","80","1",False,1.46001924642554,43.6289994148692
"3",VenusaurMega Venusaur,Grass,Poison,"625","80","100","123","122","120","80","1",False,1.46001924642554,43.6289994148692
"4",Charmander,Fire,,"309","39","52","43","60","50","65","1",False,1.38478173741297,43.6296537634704
"5",Charmeleon,Fire,,"405","58","64","58","80","65","80","1",False,1.47519144654942,43.616653344199
"6",Charizard,Fire,Flying,"534","78","84","78","109","85","100","1",False,1.40908429949591,43.623213434092
"6",CharizardMega Charizard X,Fire,Dragon,"634","78","130","111","130","85","100","1",False,1.40908429949591,43.623213434092
"6",CharizardMega Charizard Y,Fire,Flying,"634","78","104","78","159","115","100","1",False,1.40908429949591,43.623213434092
"7",Squirtle,Water,,"314","44","48","65","50","64","43","1",False,1.43807711288633,43.631699373163
"8",Wartortle,Water,,"405","59","63","80","65","80","58","1",False,1.41254054546002,43.631790781401
"9",Blastoise,Water,,"530","79","83","100","85","105","78","1",False,1.42381973817619,43.5553657058423
"9",BlastoiseMega Blastoise,Water,,"630","79","103","120","135","115","78","1",False,1.42381973817619,43.5553657058423
"10",Caterpie,Bug,,"195","45","30","35","20","20","45","1",False,1.38347828499892,43.6241117091455
"11",Metapod,Bug,,"205","50","20","55","25","25","30","1",False,1.47836589541248,43.5476596031891
"12",Butterfree,Bug,Flying,"395","60","45","50","90","80","70","1",False,1.43096500502671,43.6579242281244
"13",Weedle,Bug,Poison,"195","40","35","30","20","20","50","1",False,1.41322597870709,43.5663935890327
"14",Kakuna,Bug,Poison,"205","45","25","50","25","25","35","1",False,1.50716902914796,43.5777321499532
"15",Beedrill,Bug,Poison,"395","65","90","40","45","80","75","1",False,1.39938390456184,43.6273825988221
"15",BeedrillMega Beedrill,Bug,Poison,"495","65","150","40","15","80","145","1",False,1.39938390456184,43.6273825988221
"16",Pidgey,Normal,Flying,"251","40","45","40","35","35","56","1",False,1.4277988420829,43.609861343336
"17",Pidgeotto,Normal,Flying,"349","63","60","55","50","50","71","1",False,1.49172072096647,43.6183140527763
"18",Pidgeot,Normal,Flying,"479","83","80","75","70","70","101","1",False,1.4506306629356,43.6137747245
"18",PidgeotMega Pidgeot,Normal,Flying,"579","83","80","80","135","80","121","1",False,1.4506306629356,43.6137747245
"19",Rattata,Normal,,"253","30","56","35","25","35","72","1",False,1.48813997742292,43.5555446394909
"20",Raticate,Normal,,"413","55","81","60","50","70","97","1",False,1.50998887023194,43.5543995240663
"21",Spearow,Normal,Flying,"262","40","60","30","31","31","70","1",False,1.43891547270868,43.5735267118983
"22",Fearow,Normal,Flying,"442","65","90","65","61","61","100","1",False,1.47400931726397,43.554030910771
"23",Ekans,Poison,,"288","35","60","44","40","54","55","1",False,1.40901073980687,43.5971698449734
"24",Arbok,Poison,,"438","60","85","69","65","79","80","1",False,1.42814540822936,43.6181919453759
"25",Pikachu,Electric,,"320","35","55","40","50","50","90","1",False,1.4719696279073,43.5839419190385
"26",Raichu,Electric,,"485","60","90","55","90","80","110","1",False,1.49209249664037,43.6016509866685
"27",Sandshrew,Ground,,"300","50","75","85","20","30","40","1",False,1.44360497666316,43.6415556615219
"28",Sandslash,Ground,,"450","75","100","110","45","55","65","1",False,1.4057115969946,43.576868754228
"29",Nidoranâ™€,Poison,,"275","55","47","52","40","40","41","1",False,1.4430097900189,43.5669640358716
"30",Nidorina,Poison,,"365","70","62","67","55","55","56","1",False,1.47900496024416,43.6209849386796
"31",Nidoqueen,Poison,Ground,"505","90","92","87","75","85","76","1",False,1.45292928272605,43.5863343385749
"32",Nidoranâ™‚,Poison,,"273","46","57","40","40","40","50","1",False,1.37443965562056,43.5909312449762
"33",Nidorino,Poison,,"365","61","72","57","55","55","65","1",False,1.51274202120667,43.5724769276333
"34",Nidoking,Poison,Ground,"505","81","102","77","85","75","85","1",False,1.45980901438136,43.5988351873217
"35",Clefairy,Fairy,,"323","70","45","48","60","65","35","1",False,1.45893493869223,43.5707355331151
"36",Clefable,Fairy,,"483","95","70","73","95","90","60","1",False,1.37750745117895,43.6163270548183
"37",Vulpix,Fire,,"299","38","41","40","50","65","65","1",False,1.45340485299999,43.5578170197672
"38",Ninetales,Fire,,"505","73","76","75","81","100","100","1",False,1.41421411342658,43.5838752653799
"39",Jigglypuff,Normal,Fairy,"270","115","45","20","45","25","20","1",False,1.50479615243479,43.5805222211788
"40",Wigglytuff,Normal,Fairy,"435","140","70","45","85","50","45","1",False,1.44048422222386,43.6285334558405
"41",Zubat,Poison,Flying,"245","40","45","35","30","40","55","1",False,1.38991972764996,43.5790687729614
"42",Golbat,Poison,Flying,"455","75","80","70","65","75","90","1",False,1.38039925314988,43.5731965786553
"43",Oddish,Grass,Poison,"320","45","50","55","75","65","30","1",False,1.44753712631511,43.5626518130213
"44",Gloom,Grass,Poison,"395","60","65","70","85","75","40","1",False,1.43842048512492,43.6138496358592
"45",Vileplume,Grass,Poison,"490","75","80","85","110","90","50","1",False,1.45156599032106,43.6382629123199
"46",Paras,Bug,Grass,"285","35","70","55","45","55","25","1",False,1.43074038815187,43.5934323212487
"47",Parasect,Bug,Grass,"405","60","95","80","60","80","30","1",False,1.40297728433502,43.6149428247443
"48",Venonat,Bug,Poison,"305","60","55","50","40","55","45","1",False,1.47588137801281,43.554439928587
"49",Venomoth,Bug,Poison,"450","70","65","60","90","75","90","1",False,1.46729329746891,43.5689622519859
"50",Diglett,Ground,,"265","10","55","25","35","45","95","1",False,1.43095108988106,43.6601625026424
"51",Dugtrio,Ground,,"405","35","80","50","50","70","120","1",False,1.45850439507692,43.6481856778754
"52",Meowth,Normal,,"290","40","45","35","40","40","90","1",False,1.42429188291062,43.6116245361237
"53",Persian,Normal,,"440","65","70","60","65","65","115","1",False,1.47585310085138,43.6044019146223
"54",Psyduck,Water,,"320","50","52","48","65","50","55","1",False,1.48161009272947,43.6022352838473
"55",Golduck,Water,,"500","80","82","78","95","80","85","1",False,1.50047169844519,43.5939205329764
"56",Mankey,Fighting,,"305","40","80","35","35","45","70","1",False,1.40669838513573,43.5921155790523
"57",Primeape,Fighting,,"455","65","105","60","60","70","95","1",False,1.36496270285776,43.6154548672053
"58",Growlithe,Fire,,"350","55","70","45","70","50","60","1",False,1.44428020584366,43.6316800112603
"59",Arcanine,Fire,,"555","90","110","80","100","80","95","1",False,1.49255975863778,43.5427255343488
"60",Poliwag,Water,,"300","40","50","40","40","40","90","1",False,1.43795934956548,43.6075579370136
"61",Poliwhirl,Water,,"385","65","65","65","50","50","90","1",False,1.47123111349847,43.6384548736267
"62",Poliwrath,Water,Fighting,"510","90","95","95","70","90","70","1",False,1.41944350932195,43.6040728286544
"63",Abra,Psychic,,"310","25","20","15","105","55","90","1",False,1.49378576199283,43.539814665629
"64",Kadabra,Psychic,,"400","40","35","30","120","70","105","1",False,1.50007947017111,43.5478919719135
"65",Alakazam,Psychic,,"500","55","50","45","135","95","120","1",False,1.46609309320727,43.5600556571369
"65",AlakazamMega Alakazam,Psychic,,"590","55","50","65","175","95","150","1",False,1.46609309320727,43.5600556571369
"66",Machop,Fighting,,"305","70","80","50","35","35","35","1",False,1.44631028387627,43.5734460923428
"67",Machoke,Fighting,,"405","80","100","70","50","60","45","1",False,1.49826674748062,43.6001340543808
"68",Machamp,Fighting,,"505","90","130","80","65","85","55","1",False,1.4758261364772,43.6063586240245
"69",Bellsprout,Grass,Poison,"300","50","75","35","70","30","40","1",False,1.3773961363068,43.5745968877868
"70",Weepinbell,Grass,Poison,"390","65","90","50","85","45","55","1",False,1.44853231827485,43.5818843605969
"71",Victreebel,Grass,Poison,"490","80","105","65","100","70","70","1",False,1.40981487104718,43.6269762988432
"72",Tentacool,Water,Poison,"335","40","40","35","50","100","70","1",False,1.37076795403294,43.5725459118857
"73",Tentacruel,Water,Poison,"515","80","70","65","80","120","100","1",False,1.41056003464233,43.5532088760986
"74",Geodude,Rock,Ground,"300","40","80","100","30","30","20","1",False,1.43524601724404,43.6317053213863
"75",Graveler,Rock,Ground,"390","55","95","115","45","45","35","1",False,1.38075812674824,43.5877163876882
"76",Golem,Rock,Ground,"495","80","120","130","55","65","45","1",False,1.4199199891611,43.5588917130444
"77",Ponyta,Fire,,"410","50","85","55","65","65","90","1",False,1.36301166081105,43.5800429425543
"78",Rapidash,Fire,,"500","65","100","70","80","80","105","1",False,1.47622741588973,43.6214847594571
"79",Slowpoke,Water,Psychic,"315","90","65","65","40","40","15","1",False,1.44101744355566,43.5784082704188
"80",Slowbro,Water,Psychic,"490","95","75","110","100","80","30","1",False,1.38417378767917,43.5693175135326
"80",SlowbroMega Slowbro,Water,Psychic,"590","95","75","180","130","80","30","1",False,1.38417378767917,43.5693175135326
"81",Magnemite,Electric,Steel,"325","25","35","70","95","55","45","1",False,1.4284002367247,43.5591459086386
"82",Magneton,Electric,Steel,"465","50","60","95","120","70","70","1",False,1.44897092379559,43.6502101117835
"83",Farfetch'd,Normal,Flying,"352","52","65","55","58","62","60","1",False,1.42303442235188,43.6013642508863
"84",Doduo,Normal,Flying,"310","35","85","45","35","35","75","1",False,1.49699510597793,43.537624143458
"85",Dodrio,Normal,Flying,"460","60","110","70","60","60","100","1",False,1.40825458184826,43.6272333372256
"86",Seel,Water,,"325","65","45","55","45","70","45","1",False,1.45140839478876,43.6044477445091
"87",Dewgong,Water,Ice,"475","90","70","80","70","95","70","1",False,1.43260345489569,43.5998004006867
"88",Grimer,Poison,,"325","80","80","50","40","50","25","1",False,1.40175929023916,43.6379422795972
"89",Muk,Poison,,"500","105","105","75","65","100","50","1",False,1.43904063135733,43.5766785451345
"90",Shellder,Water,,"305","30","65","100","45","25","40","1",False,1.41887833727693,43.6554093740054
"91",Cloyster,Water,Ice,"525","50","95","180","85","45","70","1",False,1.38619138560595,43.6233293529713
"92",Gastly,Ghost,Poison,"310","30","35","30","100","35","80","1",False,1.44767016283512,43.5551247541534
"93",Haunter,Ghost,Poison,"405","45","50","45","115","55","95","1",False,1.37683677822945,43.5736124272837
"94",Gengar,Ghost,Poison,"500","60","65","60","130","75","110","1",False,1.49979010703162,43.5881101306235
"94",GengarMega Gengar,Ghost,Poison,"600","60","65","80","170","95","130","1",False,1.49979010703162,43.5881101306235
"95",Onix,Rock,Ground,"385","35","45","160","30","45","70","1",False,1.40296831336414,43.5845083458948
"96",Drowzee,Psychic,,"328","60","48","45","43","90","42","1",False,1.40283678696397,43.612524322035
"97",Hypno,Psychic,,"483","85","73","70","73","115","67","1",False,1.43976277292671,43.6138978662368
"98",Krabby,Water,,"325","30","105","90","25","25","50","1",False,1.45128997385681,43.6297908527983
"99",Kingler,Water,,"475","55","130","115","50","50","75","1",False,1.48115104322006,43.5481885930238
"100",Voltorb,Electric,,"330","40","30","50","55","55","100","1",False,1.4394805876933,43.5683276415426
"101",Electrode,Electric,,"480","60","50","70","80","80","140","1",False,1.38998591275088,43.562104406606
"102",Exeggcute,Grass,Psychic,"325","60","40","80","60","45","40","1",False,1.43080029638351,43.5757487376479
"103",Exeggutor,Grass,Psychic,"520","95","95","85","125","65","55","1",False,1.5014314003804,43.5568825201097
"104",Cubone,Ground,,"320","50","50","95","40","50","35","1",False,1.42010753915875,43.6213317751208
"105",Marowak,Ground,,"425","60","80","110","50","80","45","1",False,1.48424511339069,43.5770081252107
"106",Hitmonlee,Fighting,,"455","50","120","53","35","110","87","1",False,1.48828093274993,43.578603408114
"107",Hitmonchan,Fighting,,"455","50","105","79","35","110","76","1",False,1.38394348109105,43.5934540462616
"108",Lickitung,Normal,,"385","90","55","75","60","75","30","1",False,1.46834389234268,43.5695698909685
"109",Koffing,Poison,,"340","40","65","95","60","45","35","1",False,1.50365166536708,43.5615247370977
"110",Weezing,Poison,,"490","65","90","120","85","70","60","1",False,1.48009287171854,43.5617045627573
"111",Rhyhorn,Ground,Rock,"345","80","85","95","30","30","25","1",False,1.35990345669756,43.6128938232758
"112",Rhydon,Ground,Rock,"485","105","130","120","45","45","40","1",False,1.42812251368378,43.5895930168236
"113",Chansey,Normal,,"450","250","5","5","35","105","50","1",False,1.50595212318587,43.5661671530993
"114",Tangela,Grass,,"435","65","55","115","100","40","60","1",False,1.48981717857626,43.5337731670248
"115",Kangaskhan,Normal,,"490","105","95","80","40","80","90","1",False,1.42036339577835,43.6225413300404
"115",KangaskhanMega Kangaskhan,Normal,,"590","105","125","100","60","100","100","1",False,1.42036339577835,43.6225413300404
"116",Horsea,Water,,"295","30","40","70","70","25","60","1",False,1.50711024499662,43.5524146631551
"117",Seadra,Water,,"440","55","65","95","95","45","85","1",False,1.41074603598311,43.5888039199422
"118",Goldeen,Water,,"320","45","67","60","35","50","63","1",False,1.45011101483209,43.5761980371582
"119",Seaking,Water,,"450","80","92","65","65","80","68","1",False,1.46736710201953,43.5749962261719
"120",Staryu,Water,,"340","30","45","55","70","55","85","1",False,1.39090947126261,43.6275424165783
"121",Starmie,Water,Psychic,"520","60","75","85","100","85","115","1",False,1.45743265382075,43.5775051701953
"122",Mr. Mime,Psychic,Fairy,"460","40","45","65","100","120","90","1",False,1.50133280307933,43.5518080164289
"123",Scyther,Bug,Flying,"500","70","110","80","55","80","105","1",False,1.40796226513943,43.5672335625354
"124",Jynx,Ice,Psychic,"455","65","50","35","115","95","95","1",False,1.4699510713167,43.5654640191493
"125",Electabuzz,Electric,,"490","65","83","57","95","85","105","1",False,1.48966284362829,43.5596450779569
"126",Magmar,Fire,,"495","65","95","57","100","85","93","1",False,1.37619970490811,43.5861995252899
"127",Pinsir,Bug,,"500","65","125","100","55","70","85","1",False,1.3681845653279,43.5991726015933
"127",PinsirMega Pinsir,Bug,Flying,"600","65","155","120","65","90","105","1",False,1.3681845653279,43.5991726015933
"128",Tauros,Normal,,"490","75","100","95","40","70","110","1",False,1.48473466030564,43.6068023925975
"129",Magikarp,Water,,"200","20","10","55","15","20","80","1",False,1.37888875184428,43.5855514795255
"130",Gyarados,Water,Flying,"540","95","125","79","60","100","81","1",False,1.50072114477482,43.532999596642
"130",GyaradosMega Gyarados,Water,Dark,"640","95","155","109","70","130","81","1",False,1.50072114477482,43.532999596642
"131",Lapras,Water,Ice,"535","130","85","80","85","95","60","1",False,1.41279606625363,43.5681092115011
"132",Ditto,Normal,,"288","48","48","48","48","48","48","1",False,1.49579989189961,43.5338538374145
"133",Eevee,Normal,,"325","55","55","50","45","65","55","1",False,1.38431227452629,43.5868953828281
"134",Vaporeon,Water,,"525","130","65","60","110","95","65","1",False,1.43064792435496,43.5639064784365
"135",Jolteon,Electric,,"525","65","65","60","110","95","130","1",False,1.44435453695019,43.6548890108759
"136",Flareon,Fire,,"525","65","130","60","95","110","65","1",False,1.40615648737497,43.6247481005425
"137",Porygon,Normal,,"395","65","60","70","85","75","40","1",False,1.38069439459631,43.6307061730521
"138",Omanyte,Rock,Water,"355","35","40","100","90","55","35","1",False,1.37923822961392,43.592350456946
"139",Omastar,Rock,Water,"495","70","60","125","115","70","55","1",False,1.38587129602949,43.566412660313
"140",Kabuto,Rock,Water,"355","30","80","90","55","45","55","1",False,1.48645407013998,43.5620815813949
"141",Kabutops,Rock,Water,"495","60","115","105","65","70","80","1",False,1.45324368863043,43.6385703263812
"142",Aerodactyl,Rock,Flying,"515","80","105","65","60","75","130","1",False,1.4826137517707,43.6081745339562
"142",AerodactylMega Aerodactyl,Rock,Flying,"615","80","135","85","70","95","150","1",False,1.4826137517707,43.6081745339562
"143",Snorlax,Normal,,"540","160","110","65","65","110","30","1",False,1.44248593426835,43.5781558424797
"144",Articuno,Ice,Flying,"580","90","85","100","95","125","85","1",True,1.37514601223999,43.6016186625613
"145",Zapdos,Electric,Flying,"580","90","90","85","125","90","100","1",True,1.4437097769148,43.5911347987415
"146",Moltres,Fire,Flying,"580","90","100","90","125","85","90","1",True,1.4552387944961,43.6164459643107
"147",Dratini,Dragon,,"300","41","64","45","50","50","50","1",False,1.50193979321175,43.5601989624759
"148",Dragonair,Dragon,,"420","61","84","65","70","70","70","1",False,1.45130767062993,43.596319811939
"149",Dragonite,Dragon,Flying,"600","91","134","95","100","100","80","1",False,1.49356961230631,43.6240487179785
"150",Mewtwo,Psychic,,"680","106","110","90","154","90","130","1",True,1.49069674047372,43.6104549911036
"150",MewtwoMega Mewtwo X,Psychic,Fighting,"780","106","190","100","154","100","130","1",True,1.49069674047372,43.6104549911036
"150",MewtwoMega Mewtwo Y,Psychic,,"780","106","150","70","194","120","140","1",True,1.49069674047372,43.6104549911036
"151",Mew,Psychic,,"600","100","100","100","100","100","100","1",False,1.4616079645919,43.6374453793806
"152",Chikorita,Grass,,"318","45","49","65","49","65","45","2",False,1.43205587883456,43.6478663253994
"153",Bayleef,Grass,,"405","60","62","80","63","80","60","2",False,1.41349312565971,43.6290378886928
"154",Meganium,Grass,,"525","80","82","100","83","100","80","2",False,1.50340958024687,43.554558880296
"155",Cyndaquil,Fire,,"309","39","52","43","60","50","65","2",False,1.38475601084828,43.6292628692815
"156",Quilava,Fire,,"405","58","64","58","80","65","80","2",False,1.38587847861707,43.6171433714442
"157",Typhlosion,Fire,,"534","78","84","78","109","85","100","2",False,1.42868455764799,43.6241323487927
"158",Totodile,Water,,"314","50","65","64","44","48","43","2",False,1.45551921616043,43.6433411546991
"159",Croconaw,Water,,"405","65","80","80","59","63","58","2",False,1.40914977876306,43.5519729209857
"160",Feraligatr,Water,,"530","85","105","100","79","83","78","2",False,1.43006647951309,43.6402879787979
"161",Sentret,Normal,,"215","35","46","34","35","45","20","2",False,1.42322881381882,43.6028560870647
"162",Furret,Normal,,"415","85","76","64","45","55","90","2",False,1.37193810635932,43.587220446474
"163",Hoothoot,Normal,Flying,"262","60","30","30","36","56","50","2",False,1.50416378222794,43.5543990355911
"164",Noctowl,Normal,Flying,"442","100","50","50","76","96","70","2",False,1.48958147400493,43.5676045647483
"165",Ledyba,Bug,Flying,"265","40","20","30","40","80","55","2",False,1.45256862601771,43.572702161877
"166",Ledian,Bug,Flying,"390","55","35","50","55","110","85","2",False,1.4821210421226,43.6204350466611
"167",Spinarak,Bug,Poison,"250","40","60","40","40","40","30","2",False,1.37818039941007,43.5664411828073
"168",Ariados,Bug,Poison,"390","70","90","70","60","60","40","2",False,1.39672586464827,43.6283446421367
"169",Crobat,Poison,Flying,"535","85","90","80","70","80","130","2",False,1.44145772518458,43.6335910722577
"170",Chinchou,Water,Electric,"330","75","38","38","56","56","67","2",False,1.48487333054693,43.5702578092155
"171",Lanturn,Water,Electric,"460","125","58","58","76","76","67","2",False,1.39444351374425,43.5642811624373
"172",Pichu,Electric,,"205","20","40","15","35","35","60","2",False,1.37847593446296,43.6029061444984
"173",Cleffa,Fairy,,"218","50","25","28","45","55","15","2",False,1.47910964169648,43.6235789273775
"174",Igglybuff,Normal,Fairy,"210","90","30","15","40","20","15","2",False,1.46166696473228,43.5565980212383
"175",Togepi,Fairy,,"245","35","20","65","40","65","20","2",False,1.45897577099728,43.554899885775
"176",Togetic,Fairy,Flying,"405","55","40","85","80","105","40","2",False,1.47500128000404,43.6453575605664
"177",Natu,Psychic,Flying,"320","40","50","45","70","45","70","2",False,1.49137615456296,43.5392722201419
"178",Xatu,Psychic,Flying,"470","65","75","70","95","70","95","2",False,1.50200209813235,43.54323102528
"179",Mareep,Electric,,"280","55","40","40","65","45","35","2",False,1.37928017022545,43.5651836675804
"180",Flaaffy,Electric,,"365","70","55","55","80","60","45","2",False,1.41658837518949,43.6400049261895
"181",Ampharos,Electric,,"510","90","75","85","115","90","55","2",False,1.45772981246614,43.5519276967911
"181",AmpharosMega Ampharos,Electric,Dragon,"610","90","95","105","165","110","45","2",False,1.45772981246614,43.5519276967911
"182",Bellossom,Grass,,"490","75","80","95","90","100","50","2",False,1.49223575245765,43.6045846490565
"183",Marill,Water,Fairy,"250","70","20","50","20","50","40","2",False,1.4558083278794,43.5606391461683
"184",Azumarill,Water,Fairy,"420","100","50","80","60","80","50","2",False,1.39815883518103,43.5625803055443
"185",Sudowoodo,Rock,,"410","70","100","115","30","65","30","2",False,1.36704992587923,43.5808941286735
"186",Politoed,Water,,"500","90","75","75","90","100","70","2",False,1.47569290934761,43.5668614805568
"187",Hoppip,Grass,Flying,"250","35","35","40","35","55","50","2",False,1.38714038712087,43.6185308315902
"188",Skiploom,Grass,Flying,"340","55","45","50","45","65","80","2",False,1.46273112108098,43.6310656122785
"189",Jumpluff,Grass,Flying,"460","75","55","70","55","95","110","2",False,1.42545952239086,43.6450193458753
"190",Aipom,Normal,,"360","55","70","55","40","55","85","2",False,1.410985943103,43.6322396884814
"191",Sunkern,Grass,,"180","30","30","30","30","30","30","2",False,1.39057461550515,43.6296418985815
"192",Sunflora,Grass,,"425","75","75","55","105","85","30","2",False,1.48459235866119,43.5935639143313
"193",Yanma,Bug,Flying,"390","65","65","45","75","45","95","2",False,1.45104110410913,43.5673504953948
"194",Wooper,Water,Ground,"210","55","45","45","25","25","15","2",False,1.47730080892661,43.6293813127428
"195",Quagsire,Water,Ground,"430","95","85","85","65","65","35","2",False,1.43314903508028,43.6290928844027
"196",Espeon,Psychic,,"525","65","65","60","130","95","110","2",False,1.466698278995,43.6097640545892
"197",Umbreon,Dark,,"525","95","65","110","60","130","65","2",False,1.41461032020748,43.6313751036975
"198",Murkrow,Dark,Flying,"405","60","85","42","85","42","91","2",False,1.46020993127623,43.6246822215752
"199",Slowking,Water,Psychic,"490","95","75","80","100","110","30","2",False,1.48034146133542,43.645614691892
"200",Misdreavus,Ghost,,"435","60","60","60","85","85","85","2",False,1.40699582551758,43.6258888792891
"201",Unown,Psychic,,"336","48","72","48","72","48","48","2",False,1.44637716017631,43.5592792260636
"202",Wobbuffet,Psychic,,"405","190","33","58","33","58","33","2",False,1.47046247036751,43.6402724937013
"203",Girafarig,Normal,Psychic,"455","70","80","65","90","65","85","2",False,1.43580839179582,43.6320364143236
"204",Pineco,Bug,,"290","50","65","90","35","35","15","2",False,1.42656810001289,43.6176183837756
"205",Forretress,Bug,Steel,"465","75","90","140","60","60","40","2",False,1.37290860460153,43.5929378731798
"206",Dunsparce,Normal,,"415","100","70","70","65","65","45","2",False,1.43458466585549,43.6179830299594
"207",Gligar,Ground,Flying,"430","65","75","105","35","65","85","2",False,1.45622818234498,43.5827039308115
"208",Steelix,Steel,Ground,"510","75","85","200","55","65","30","2",False,1.41306345808668,43.5938529562664
"208",SteelixMega Steelix,Steel,Ground,"610","75","125","230","55","95","30","2",False,1.41306345808668,43.5938529562664
"209",Snubbull,Fairy,,"300","60","80","50","40","40","30","2",False,1.43287227223894,43.602335867648
"210",Granbull,Fairy,,"450","90","120","75","60","60","45","2",False,1.44040302123215,43.5583201654028
"211",Qwilfish,Water,Poison,"430","65","95","75","55","55","85","2",False,1.48891501178034,43.5412010471318
"212",Scizor,Bug,Steel,"500","70","130","100","55","80","65","2",False,1.50053254203108,43.557294833527
"212",ScizorMega Scizor,Bug,Steel,"600","70","150","140","65","100","75","2",False,1.50053254203108,43.557294833527
"213",Shuckle,Bug,Rock,"505","20","10","230","10","230","5","2",False,1.43737925295121,43.6260563115154
"214",Heracross,Bug,Fighting,"500","80","125","75","40","95","85","2",False,1.49025797793678,43.616580822559
"214",HeracrossMega Heracross,Bug,Fighting,"600","80","185","115","40","105","75","2",False,1.49025797793678,43.616580822559
"215",Sneasel,Dark,Ice,"430","55","95","55","35","75","115","2",False,1.49216231643498,43.6088006786693
"216",Teddiursa,Normal,,"330","60","80","50","50","50","40","2",False,1.42067332232926,43.6100118949486
"217",Ursaring,Normal,,"500","90","130","75","75","75","55","2",False,1.49238689289326,43.5668031066122
"218",Slugma,Fire,,"250","40","40","40","70","40","20","2",False,1.43968670287264,43.5521122043429
"219",Magcargo,Fire,Rock,"410","50","50","120","80","80","30","2",False,1.46821219548976,43.6107256428608
"220",Swinub,Ice,Ground,"250","50","50","40","30","30","50","2",False,1.45204852745661,43.5792637482107
"221",Piloswine,Ice,Ground,"450","100","100","80","60","60","50","2",False,1.47005340560824,43.579039986356
"222",Corsola,Water,Rock,"380","55","55","85","65","85","35","2",False,1.39860312555491,43.5690403176945
"223",Remoraid,Water,,"300","35","65","35","65","35","65","2",False,1.48115837832495,43.6359079919768
"224",Octillery,Water,,"480","75","105","75","105","75","45","2",False,1.42493843341895,43.650741024286
"225",Delibird,Ice,Flying,"330","45","55","45","65","45","75","2",False,1.45550865637212,43.5586280586087
"226",Mantine,Water,Flying,"465","65","40","70","80","140","70","2",False,1.44975958317155,43.5854305501328
"227",Skarmory,Steel,Flying,"465","65","80","140","40","70","70","2",False,1.42767847245681,43.606094163352
"228",Houndour,Dark,Fire,"330","45","60","30","80","50","65","2",False,1.40492060932385,43.5900993691556
"229",Houndoom,Dark,Fire,"500","75","90","50","110","80","95","2",False,1.47169456043613,43.6460340551946
"229",HoundoomMega Houndoom,Dark,Fire,"600","75","90","90","140","90","115","2",False,1.47169456043613,43.6460340551946
"230",Kingdra,Water,Dragon,"540","75","95","95","95","95","85","2",False,1.4810373630458,43.5563578388989
"231",Phanpy,Ground,,"330","90","60","60","40","40","40","2",False,1.38829547018363,43.5870955197849
"232",Donphan,Ground,,"500","90","120","120","60","60","50","2",False,1.37335267768645,43.5993794115719
"233",Porygon2,Normal,,"515","85","80","90","105","95","60","2",False,1.48925263360098,43.5743724250337
"234",Stantler,Normal,,"465","73","95","62","85","65","85","2",False,1.36508327160781,43.5954161054912
"235",Smeargle,Normal,,"250","55","20","35","20","45","75","2",False,1.44824737670973,43.6107183412378
"236",Tyrogue,Fighting,,"210","35","35","35","35","35","35","2",False,1.4550954239215,43.560886067504
"237",Hitmontop,Fighting,,"455","50","95","95","35","110","70","2",False,1.4566342382246,43.6346155215899
"238",Smoochum,Ice,Psychic,"305","45","30","15","85","65","65","2",False,1.45912925526622,43.6209945915806
"239",Elekid,Electric,,"360","45","63","37","65","55","95","2",False,1.41315445784993,43.6267356472206
"240",Magby,Fire,,"365","45","75","37","70","55","83","2",False,1.41069695579974,43.5719681158999
"241",Miltank,Normal,,"490","95","80","105","40","70","100","2",False,1.39525382317494,43.6007299604015
"242",Blissey,Normal,,"540","255","10","10","75","135","55","2",False,1.49948583793802,43.538881105637
"243",Raikou,Electric,,"580","90","85","75","115","100","115","2",True,1.43931912283715,43.5695436472427
"244",Entei,Fire,,"580","115","115","85","90","75","100","2",True,1.48982649842475,43.5969576200601
"245",Suicune,Water,,"580","100","75","115","90","115","85","2",True,1.36940644866646,43.6226387187361
"246",Larvitar,Rock,Ground,"300","50","64","50","45","50","41","2",False,1.41477442046132,43.5969971340237
"247",Pupitar,Rock,Ground,"410","70","84","70","65","70","51","2",False,1.46366860781236,43.5950270854697
"248",Tyranitar,Rock,Dark,"600","100","134","110","95","100","61","2",False,1.42399598233591,43.5593369759569
"248",TyranitarMega Tyranitar,Rock,Dark,"700","100","164","150","95","120","71","2",False,1.42399598233591,43.5593369759569
"249",Lugia,Psychic,Flying,"680","106","90","130","90","154","110","2",True,1.48607118025972,43.5787754311264
"250",Ho-oh,Fire,Flying,"680","106","130","90","110","154","90","2",True,1.46158373481101,43.6125123742153
"251",Celebi,Psychic,Grass,"600","100","100","100","100","100","100","2",False,1.42818811761513,43.6531655655767
"252",Treecko,Grass,,"310","40","45","35","65","55","70","3",False,1.44437224258827,43.5976341703517
"253",Grovyle,Grass,,"405","50","65","45","85","65","95","3",False,1.4271675121935,43.614967926896
"254",Sceptile,Grass,,"530","70","85","65","105","85","120","3",False,1.49383171915317,43.5607317401399
"254",SceptileMega Sceptile,Grass,Dragon,"630","70","110","75","145","85","145","3",False,1.49383171915317,43.5607317401399
"255",Torchic,Fire,,"310","45","60","40","70","50","45","3",False,1.47508962303393,43.6013390269845
"256",Combusken,Fire,Fighting,"405","60","85","60","85","60","55","3",False,1.50095798423105,43.5775757773668
"257",Blaziken,Fire,Fighting,"530","80","120","70","110","70","80","3",False,1.44566869577009,43.6429107015534
"257",BlazikenMega Blaziken,Fire,Fighting,"630","80","160","80","130","80","100","3",False,1.44566869577009,43.6429107015534
"258",Mudkip,Water,,"310","50","70","50","50","50","40","3",False,1.47111167284179,43.6047253442471
"259",Marshtomp,Water,Ground,"405","70","85","70","60","70","50","3",False,1.50723249002349,43.5836418599787
"260",Swampert,Water,Ground,"535","100","110","90","85","90","60","3",False,1.44626883905095,43.5520891472505
"260",SwampertMega Swampert,Water,Ground,"635","100","150","110","95","110","70","3",False,1.44626883905095,43.5520891472505
"261",Poochyena,Dark,,"220","35","55","35","30","30","35","3",False,1.44547634570234,43.5842471573345
"262",Mightyena,Dark,,"420","70","90","70","60","60","70","3",False,1.41504277297584,43.634108732608
"263",Zigzagoon,Normal,,"240","38","30","41","30","41","60","3",False,1.46906405407925,43.6251999236078
"264",Linoone,Normal,,"420","78","70","61","50","61","100","3",False,1.42901612369639,43.6353679340863
"265",Wurmple,Bug,,"195","45","45","35","20","30","20","3",False,1.49176153534935,43.6086122412463
"266",Silcoon,Bug,,"205","50","35","55","25","25","15","3",False,1.36135344573575,43.6020872793128
"267",Beautifly,Bug,Flying,"395","60","70","50","100","50","65","3",False,1.44662281607438,43.5612505463039
"268",Cascoon,Bug,,"205","50","35","55","25","25","15","3",False,1.45664133962415,43.6346787730969
"269",Dustox,Bug,Poison,"385","60","50","70","50","90","65","3",False,1.39568088090894,43.5787489611342
"270",Lotad,Water,Grass,"220","40","30","30","40","50","30","3",False,1.43910225716087,43.6583096385862
"271",Lombre,Water,Grass,"340","60","50","50","60","70","50","3",False,1.39790386609828,43.6172943471242
"272",Ludicolo,Water,Grass,"480","80","70","70","90","100","70","3",False,1.41289342605406,43.6321345242655
"273",Seedot,Grass,,"220","40","40","50","30","30","30","3",False,1.46786947756615,43.628594762637
"274",Nuzleaf,Grass,Dark,"340","70","70","40","60","40","60","3",False,1.38080775214431,43.5872502011091
"275",Shiftry,Grass,Dark,"480","90","100","60","90","60","80","3",False,1.39042155662165,43.59627158509
"276",Taillow,Normal,Flying,"270","40","55","30","30","30","85","3",False,1.43344823724166,43.554729283464
"277",Swellow,Normal,Flying,"430","60","85","60","50","50","125","3",False,1.43525560765466,43.6306491008088
"278",Wingull,Water,Flying,"270","40","30","30","55","30","85","3",False,1.44749154419785,43.5889115839585
"279",Pelipper,Water,Flying,"430","60","50","100","85","70","65","3",False,1.43592281814214,43.6006510995885
"280",Ralts,Psychic,Fairy,"198","28","25","25","45","35","40","3",False,1.47505102571598,43.5917661657961
"281",Kirlia,Psychic,Fairy,"278","38","35","35","65","55","50","3",False,1.4909455685788,43.5692388892074
"282",Gardevoir,Psychic,Fairy,"518","68","65","65","125","115","80","3",False,1.45514806263586,43.6047487399333
"282",GardevoirMega Gardevoir,Psychic,Fairy,"618","68","85","65","165","135","100","3",False,1.45514806263586,43.6047487399333
"283",Surskit,Bug,Water,"269","40","30","32","50","52","65","3",False,1.47988505723382,43.5930877507903
"284",Masquerain,Bug,Flying,"414","70","60","62","80","82","60","3",False,1.44411543930768,43.5602422845111
"285",Shroomish,Grass,,"295","60","40","60","40","60","35","3",False,1.43765517840023,43.5820608175413
"286",Breloom,Grass,Fighting,"460","60","130","80","60","60","70","3",False,1.48260260074215,43.6333144548028
"287",Slakoth,Normal,,"280","60","60","60","35","35","30","3",False,1.43886598529181,43.6183608160151
"288",Vigoroth,Normal,,"440","80","80","80","55","55","90","3",False,1.47516811531854,43.6333757412208
"289",Slaking,Normal,,"670","150","160","100","95","65","100","3",False,1.37466222960719,43.5791944477461
"290",Nincada,Bug,Ground,"266","31","45","90","30","30","40","3",False,1.45388532498765,43.6128216350582
"291",Ninjask,Bug,Flying,"456","61","90","45","50","50","160","3",False,1.43586843157163,43.6460920098212
"292",Shedinja,Bug,Ghost,"236","1","90","45","30","30","40","3",False,1.40112821737439,43.5655055219488
"293",Whismur,Normal,,"240","64","51","23","51","23","28","3",False,1.48399789218583,43.6172639790158
"294",Loudred,Normal,,"360","84","71","43","71","43","48","3",False,1.40772709358708,43.6304904765644
"295",Exploud,Normal,,"490","104","91","63","91","73","68","3",False,1.40068213790724,43.6027353709432
"296",Makuhita,Fighting,,"237","72","60","30","20","30","25","3",False,1.38556414418121,43.5891234111522
"297",Hariyama,Fighting,,"474","144","120","60","40","60","50","3",False,1.42560979879663,43.6491073815098
"298",Azurill,Normal,Fairy,"190","50","20","40","20","40","20","3",False,1.46180403033507,43.6122594736787
"299",Nosepass,Rock,,"375","30","45","135","45","90","30","3",False,1.49404946423023,43.5665545512819
"300",Skitty,Normal,,"260","50","45","45","35","35","50","3",False,1.45530367772002,43.6248637844004
"301",Delcatty,Normal,,"380","70","65","65","55","55","70","3",False,1.40049460235834,43.5640721451084
"302",Sableye,Dark,Ghost,"380","50","75","75","65","65","50","3",False,1.469864411194,43.6068678644144
"302",SableyeMega Sableye,Dark,Ghost,"480","50","85","125","85","115","20","3",False,1.469864411194,43.6068678644144
"303",Mawile,Steel,Fairy,"380","50","85","85","55","55","50","3",False,1.38082493580581,43.589081857349
"303",MawileMega Mawile,Steel,Fairy,"480","50","105","125","55","95","50","3",False,1.38082493580581,43.589081857349
"304",Aron,Steel,Rock,"330","50","70","100","40","40","30","3",False,1.43729565835451,43.5756041694627
"305",Lairon,Steel,Rock,"430","60","90","140","50","50","40","3",False,1.43357770991795,43.638791955927
"306",Aggron,Steel,Rock,"530","70","110","180","60","60","50","3",False,1.40113450670932,43.5901638259371
"306",AggronMega Aggron,Steel,,"630","70","140","230","60","80","50","3",False,1.40113450670932,43.5901638259371
"307",Meditite,Fighting,Psychic,"280","30","40","55","40","55","60","3",False,1.43732104504528,43.6558336445251
"308",Medicham,Fighting,Psychic,"410","60","60","75","60","75","80","3",False,1.3996696888959,43.5695101842112
"308",MedichamMega Medicham,Fighting,Psychic,"510","60","100","85","80","85","100","3",False,1.3996696888959,43.5695101842112
"309",Electrike,Electric,,"295","40","45","40","65","40","65","3",False,1.46320473884083,43.6091869555084
"310",Manectric,Electric,,"475","70","75","60","105","60","105","3",False,1.46084419665616,43.5865061702232
"310",ManectricMega Manectric,Electric,,"575","70","75","80","135","80","135","3",False,1.46084419665616,43.5865061702232
"311",Plusle,Electric,,"405","60","50","40","85","75","95","3",False,1.44944342874792,43.655577241718
"312",Minun,Electric,,"405","60","40","50","75","85","95","3",False,1.41645657088422,43.6226009115665
"313",Volbeat,Bug,,"400","65","73","55","47","75","85","3",False,1.43587980327828,43.6438130969648
"314",Illumise,Bug,,"400","65","47","55","73","75","85","3",False,1.48379823161255,43.5754745426852
"315",Roselia,Grass,Poison,"400","50","60","45","100","80","65","3",False,1.39484572715774,43.5945998531041
"316",Gulpin,Poison,,"302","70","43","53","43","53","40","3",False,1.48607022152402,43.573189661366
"317",Swalot,Poison,,"467","100","73","83","73","83","55","3",False,1.43984125283636,43.654021748462
"318",Carvanha,Water,Dark,"305","45","90","20","65","20","65","3",False,1.41616985039012,43.5896212815404
"319",Sharpedo,Water,Dark,"460","70","120","40","95","40","95","3",False,1.46643838461994,43.6491909592896
"319",SharpedoMega Sharpedo,Water,Dark,"560","70","140","70","110","65","105","3",False,1.46643838461994,43.6491909592896
"320",Wailmer,Water,,"400","130","70","35","70","35","60","3",False,1.41061502614527,43.6277772883568
"321",Wailord,Water,,"500","170","90","45","90","45","60","3",False,1.42465377288669,43.6530118942133
"322",Numel,Fire,Ground,"305","60","60","40","65","45","35","3",False,1.42259916106656,43.6284527622003
"323",Camerupt,Fire,Ground,"460","70","100","70","105","75","40","3",False,1.40630390385777,43.5966831489345
"323",CameruptMega Camerupt,Fire,Ground,"560","70","120","100","145","105","20","3",False,1.40630390385777,43.5966831489345
"324",Torkoal,Fire,,"470","70","85","140","85","70","20","3",False,1.43872918971619,43.640918977755
"325",Spoink,Psychic,,"330","60","25","35","70","80","60","3",False,1.44795710008274,43.5778516724141
"326",Grumpig,Psychic,,"470","80","45","65","90","110","80","3",False,1.41951873713645,43.5867883304003
"327",Spinda,Normal,,"360","60","60","60","60","60","60","3",False,1.47238721809316,43.5547019080434
"328",Trapinch,Ground,,"290","45","100","45","45","45","10","3",False,1.36520568965887,43.5996496824204
"329",Vibrava,Ground,Dragon,"340","50","70","50","50","50","70","3",False,1.45447682684897,43.5556074075837
"330",Flygon,Ground,Dragon,"520","80","100","80","80","80","100","3",False,1.4996169955109,43.5380256365585
"331",Cacnea,Grass,,"335","50","85","40","85","40","35","3",False,1.44443285684887,43.581505083303
"332",Cacturne,Grass,Dark,"475","70","115","60","115","60","55","3",False,1.47472525886053,43.6450885979799
"333",Swablu,Normal,Flying,"310","45","40","60","40","75","50","3",False,1.40038880749898,43.6054005822334
"334",Altaria,Dragon,Flying,"490","75","70","90","70","105","80","3",False,1.42484630042692,43.5960373740372
"334",AltariaMega Altaria,Dragon,Fairy,"590","75","110","110","110","105","80","3",False,1.42484630042692,43.5960373740372
"335",Zangoose,Normal,,"458","73","115","60","60","60","90","3",False,1.45712377072375,43.588219470465
"336",Seviper,Poison,,"458","73","100","60","100","60","65","3",False,1.48954673712372,43.6116192898666
"337",Lunatone,Rock,Psychic,"440","70","55","65","95","85","70","3",False,1.43029482518226,43.5642233615343
"338",Solrock,Rock,Psychic,"440","70","95","85","55","65","70","3",False,1.44367119925286,43.5966515309367
"339",Barboach,Water,Ground,"288","50","48","43","46","41","60","3",False,1.49444811233077,43.553231409428
"340",Whiscash,Water,Ground,"468","110","78","73","76","71","60","3",False,1.44746663682716,43.6140075822745
"341",Corphish,Water,,"308","43","80","65","50","35","35","3",False,1.49935540013537,43.562138991321
"342",Crawdaunt,Water,Dark,"468","63","120","85","90","55","55","3",False,1.48801240074426,43.6402635135797
"343",Baltoy,Ground,Psychic,"300","40","40","55","40","70","55","3",False,1.45950953114297,43.611107768216
"344",Claydol,Ground,Psychic,"500","60","70","105","70","120","75","3",False,1.49653219029214,43.5735571378802
"345",Lileep,Rock,Grass,"355","66","41","77","61","87","23","3",False,1.40512093005612,43.5965851484235
"346",Cradily,Rock,Grass,"495","86","81","97","81","107","43","3",False,1.42034239383231,43.6080752552247
"347",Anorith,Rock,Bug,"355","45","95","50","40","50","75","3",False,1.39885360592489,43.5977069148677
"348",Armaldo,Rock,Bug,"495","75","125","100","70","80","45","3",False,1.40199130922585,43.6276678189117
"349",Feebas,Water,,"200","20","15","20","10","55","80","3",False,1.48074838768427,43.6351471361446
"350",Milotic,Water,,"540","95","60","79","100","125","81","3",False,1.44667361401553,43.5892647569048
"351",Castform,Normal,,"420","70","70","70","70","70","70","3",False,1.43237639621321,43.5655293291399
"352",Kecleon,Normal,,"440","60","90","70","60","120","40","3",False,1.47115036228384,43.5741401114744
"353",Shuppet,Ghost,,"295","44","75","35","63","33","45","3",False,1.50670320725044,43.5515536257874
"354",Banette,Ghost,,"455","64","115","65","83","63","65","3",False,1.47910822428706,43.6257252360726
"354",BanetteMega Banette,Ghost,,"555","64","165","75","93","83","75","3",False,1.47910822428706,43.6257252360726
"355",Duskull,Ghost,,"295","20","40","90","30","90","25","3",False,1.43360777983197,43.6348573384882
"356",Dusclops,Ghost,,"455","40","70","130","60","130","25","3",False,1.47547148971372,43.5743302436496
"357",Tropius,Grass,Flying,"460","99","68","83","72","87","51","3",False,1.44674143374235,43.5998387217295
"358",Chimecho,Psychic,,"425","65","50","70","95","80","65","3",False,1.42098442251239,43.6223847408059
"359",Absol,Dark,,"465","65","130","60","75","60","75","3",False,1.42620683847486,43.6201613110645
"359",AbsolMega Absol,Dark,,"565","65","150","60","115","60","115","3",False,1.42620683847486,43.6201613110645
"360",Wynaut,Psychic,,"260","95","23","48","23","48","23","3",False,1.46452381241688,43.6052697052986
"361",Snorunt,Ice,,"300","50","50","50","50","50","50","3",False,1.36529193780013,43.611052742181
"362",Glalie,Ice,,"480","80","80","80","80","80","80","3",False,1.39864743111653,43.6112735680957
"362",GlalieMega Glalie,Ice,,"580","80","120","80","120","80","100","3",False,1.39864743111653,43.6112735680957
"363",Spheal,Ice,Water,"290","70","40","50","55","50","25","3",False,1.38481620595008,43.594569958565
"364",Sealeo,Ice,Water,"410","90","60","70","75","70","45","3",False,1.51220772725263,43.5581429066638
"365",Walrein,Ice,Water,"530","110","80","90","95","90","65","3",False,1.48065054542104,43.635414263619
"366",Clamperl,Water,,"345","35","64","85","74","55","32","3",False,1.4416730401088,43.6295463114916
"367",Huntail,Water,,"485","55","104","105","94","75","52","3",False,1.37767298100043,43.5909512082025
"368",Gorebyss,Water,,"485","55","84","105","114","75","52","3",False,1.42407034982892,43.5978155323243
"369",Relicanth,Water,Rock,"485","100","90","130","45","65","55","3",False,1.49933461483866,43.5998316405921
"370",Luvdisc,Water,,"330","43","30","55","40","65","97","3",False,1.39511298672329,43.6284497925726
"371",Bagon,Dragon,,"300","45","75","60","40","30","50","3",False,1.44352188116351,43.6021675732196
"372",Shelgon,Dragon,,"420","65","95","100","60","50","50","3",False,1.4885542325773,43.6291301585047
"373",Salamence,Dragon,Flying,"600","95","135","80","110","80","100","3",False,1.45711813983437,43.5734648355909
"373",SalamenceMega Salamence,Dragon,Flying,"700","95","145","130","120","90","120","3",False,1.45711813983437,43.5734648355909
"374",Beldum,Steel,Psychic,"300","40","55","80","35","60","30","3",False,1.49325139544094,43.602512036697
"375",Metang,Steel,Psychic,"420","60","75","100","55","80","50","3",False,1.37406388939082,43.571234676596
"376",Metagross,Steel,Psychic,"600","80","135","130","95","90","70","3",False,1.38512858637357,43.627757442562
"376",MetagrossMega Metagross,Steel,Psychic,"700","80","145","150","105","110","110","3",False,1.38512858637357,43.627757442562
"377",Regirock,Rock,,"580","80","100","200","50","100","50","3",True,1.48980472806949,43.5800066271324
"378",Regice,Ice,,"580","80","50","100","100","200","50","3",True,1.36596962995033,43.5934723264703
"379",Registeel,Steel,,"580","80","75","150","75","150","50","3",True,1.39005130690109,43.631197217899
"380",Latias,Dragon,Psychic,"600","80","80","90","110","130","110","3",True,1.48136987740583,43.6315434877761
"380",LatiasMega Latias,Dragon,Psychic,"700","80","100","120","140","150","110","3",True,1.48136987740583,43.6315434877761
"381",Latios,Dragon,Psychic,"600","80","90","80","130","110","110","3",True,1.46992433424761,43.6369321167763
"381",LatiosMega Latios,Dragon,Psychic,"700","80","130","100","160","120","110","3",True,1.46992433424761,43.6369321167763
"382",Kyogre,Water,,"670","100","100","90","150","140","90","3",True,1.45461944098924,43.5736031124704
"382",KyogrePrimal Kyogre,Water,,"770","100","150","90","180","160","90","3",True,1.45461944098924,43.5736031124704
"383",Groudon,Ground,,"670","100","150","140","100","90","90","3",True,1.43460426791794,43.5876468046584
"383",GroudonPrimal Groudon,Ground,Fire,"770","100","180","160","150","90","90","3",True,1.43460426791794,43.5876468046584
"384",Rayquaza,Dragon,Flying,"680","105","150","90","150","90","95","3",True,1.44672595942676,43.616921030336
"384",RayquazaMega Rayquaza,Dragon,Flying,"780","105","180","100","180","100","115","3",True,1.44672595942676,43.616921030336
"385",Jirachi,Steel,Psychic,"600","100","100","100","100","100","100","3",True,1.43974779861875,43.6014290063635
"386",DeoxysNormal Forme,Psychic,,"600","50","150","50","150","50","150","3",True,1.3775900997784,43.5694299897785
"386",DeoxysAttack Forme,Psychic,,"600","50","180","20","180","20","150","3",True,1.3775900997784,43.5694299897785
"386",DeoxysDefense Forme,Psychic,,"600","50","70","160","70","160","90","3",True,1.3775900997784,43.5694299897785
"386",DeoxysSpeed Forme,Psychic,,"600","50","95","90","95","90","180","3",True,1.3775900997784,43.5694299897785
"387",Turtwig,Grass,,"318","55","68","64","45","55","31","4",False,1.45990505995337,43.5992916742173
"388",Grotle,Grass,,"405","75","89","85","55","65","36","4",False,1.46304053103029,43.6469798763631
"389",Torterra,Grass,Ground,"525","95","109","105","75","85","56","4",False,1.38985761377064,43.5913258362275
"390",Chimchar,Fire,,"309","44","58","44","58","44","61","4",False,1.41617703905637,43.5901394830772
"391",Monferno,Fire,Fighting,"405","64","78","52","78","52","81","4",False,1.50774622468896,43.5726019358056
"392",Infernape,Fire,Fighting,"534","76","104","71","104","71","108","4",False,1.37344484729877,43.6076761521391
"393",Piplup,Water,,"314","53","51","53","61","56","40","4",False,1.43729310289153,43.5600325744703
"394",Prinplup,Water,,"405","64","66","68","81","76","50","4",False,1.45326299417509,43.6267182215986
"395",Empoleon,Water,Steel,"530","84","86","88","111","101","60","4",False,1.50111866033987,43.5981349588418
"396",Starly,Normal,Flying,"245","40","55","30","30","30","60","4",False,1.44436244306173,43.6421412494832
"397",Staravia,Normal,Flying,"340","55","75","50","40","40","80","4",False,1.49589711600643,43.6160934504225
"398",Staraptor,Normal,Flying,"485","85","120","70","50","60","100","4",False,1.38910002790879,43.5748627829965
"399",Bidoof,Normal,,"250","59","45","40","35","40","31","4",False,1.50105657860137,43.5590767478542
"400",Bibarel,Normal,Water,"410","79","85","60","55","60","71","4",False,1.45806848767426,43.5569791957437
"401",Kricketot,Bug,,"194","37","25","41","25","41","25","4",False,1.41985847433665,43.5894683974644
"402",Kricketune,Bug,,"384","77","85","51","55","51","65","4",False,1.48459408372118,43.5539403662931
"403",Shinx,Electric,,"263","45","65","34","40","34","45","4",False,1.48243088206086,43.5604915429442
"404",Luxio,Electric,,"363","60","85","49","60","49","60","4",False,1.45027483415178,43.5567044651563
"405",Luxray,Electric,,"523","80","120","79","95","79","70","4",False,1.44744265693819,43.6067522177478
"406",Budew,Grass,Poison,"280","40","30","35","50","70","55","4",False,1.45684907927564,43.6210803446574
"407",Roserade,Grass,Poison,"515","60","70","65","125","105","90","4",False,1.41336998578456,43.5790630121843
"408",Cranidos,Rock,,"350","67","125","40","30","30","58","4",False,1.47358405450471,43.5809690207151
"409",Rampardos,Rock,,"495","97","165","60","65","50","58","4",False,1.47574848471821,43.6158222091111
"410",Shieldon,Rock,Steel,"350","30","42","118","42","88","30","4",False,1.46473705038721,43.6109428709876
"411",Bastiodon,Rock,Steel,"495","60","52","168","47","138","30","4",False,1.50129566222671,43.5643567329895
"412",Burmy,Bug,,"224","40","29","45","29","45","36","4",False,1.48058024066294,43.5436121430894
"413",WormadamPlant Cloak,Bug,Grass,"424","60","59","85","79","105","36","4",False,1.51004015869144,43.5555547119344
"413",WormadamSandy Cloak,Bug,Ground,"424","60","79","105","59","85","36","4",False,1.51004015869144,43.5555547119344
"413",WormadamTrash Cloak,Bug,Steel,"424","60","69","95","69","95","36","4",False,1.51004015869144,43.5555547119344
"414",Mothim,Bug,Flying,"424","70","94","50","94","50","66","4",False,1.40297585721896,43.5613708061316
"415",Combee,Bug,Flying,"244","30","30","42","30","42","70","4",False,1.43397876049274,43.5893137768689
"416",Vespiquen,Bug,Flying,"474","70","80","102","80","102","40","4",False,1.42100203839996,43.6132244231128
"417",Pachirisu,Electric,,"405","60","45","70","45","90","95","4",False,1.43206590466608,43.6572356099619
"418",Buizel,Water,,"330","55","65","35","60","30","85","4",False,1.41682033882495,43.593050751014
"419",Floatzel,Water,,"495","85","105","55","85","50","115","4",False,1.42709995424269,43.6182827004448
"420",Cherubi,Grass,,"275","45","35","45","62","53","35","4",False,1.4006589627105,43.6043032594384
"421",Cherrim,Grass,,"450","70","60","70","87","78","85","4",False,1.39625034055978,43.5640401701012
"422",Shellos,Water,,"325","76","48","48","57","62","34","4",False,1.45598094701701,43.5547321398608
"423",Gastrodon,Water,Ground,"475","111","83","68","92","82","39","4",False,1.49078380248181,43.6248482426772
"424",Ambipom,Normal,,"482","75","100","66","60","66","115","4",False,1.48826434805888,43.5711573471048
"425",Drifloon,Ghost,Flying,"348","90","50","34","60","44","70","4",False,1.44362765757337,43.6565762145856
"426",Drifblim,Ghost,Flying,"498","150","80","44","90","54","80","4",False,1.49344833883676,43.626931162153
"427",Buneary,Normal,,"350","55","66","44","44","56","85","4",False,1.40855729871268,43.6077884346495
"428",Lopunny,Normal,,"480","65","76","84","54","96","105","4",False,1.41073630812945,43.5973362073765
"428",LopunnyMega Lopunny,Normal,Fighting,"580","65","136","94","54","96","135","4",False,1.41073630812945,43.5973362073765
"429",Mismagius,Ghost,,"495","60","60","60","105","105","105","4",False,1.44460437618414,43.5770087278861
"430",Honchkrow,Dark,Flying,"505","100","125","52","105","52","71","4",False,1.48970986825167,43.5450451451214
"431",Glameow,Normal,,"310","49","55","42","42","37","85","4",False,1.50562625787014,43.5477771578757
"432",Purugly,Normal,,"452","71","82","64","64","59","112","4",False,1.47108714576371,43.5572392603144
"433",Chingling,Psychic,,"285","45","30","50","65","50","45","4",False,1.45852559494918,43.576368614824
"434",Stunky,Poison,Dark,"329","63","63","47","41","41","74","4",False,1.47872200835445,43.5999791094212
"435",Skuntank,Poison,Dark,"479","103","93","67","71","61","84","4",False,1.45579759236413,43.6008746714091
"436",Bronzor,Steel,Psychic,"300","57","24","86","24","86","23","4",False,1.50865319890372,43.5478439316035
"437",Bronzong,Steel,Psychic,"500","67","89","116","79","116","33","4",False,1.43436475137765,43.6563152695729
"438",Bonsly,Rock,,"290","50","80","95","10","45","10","4",False,1.43575698255925,43.6488788327618
"439",Mime Jr.,Psychic,Fairy,"310","20","25","45","70","90","60","4",False,1.46653006038782,43.5646496871471
"440",Happiny,Normal,,"220","100","5","5","15","65","30","4",False,1.37369563987251,43.5935696063488
"441",Chatot,Normal,Flying,"411","76","65","45","92","42","91","4",False,1.44873842201129,43.6419520843038
"442",Spiritomb,Ghost,Dark,"485","50","92","108","92","108","35","4",False,1.38069848563983,43.5696924797054
"443",Gible,Dragon,Ground,"300","58","70","45","40","45","42","4",False,1.39252979110332,43.5879863473317
"444",Gabite,Dragon,Ground,"410","68","90","65","50","55","82","4",False,1.47522422637546,43.6270784859454
"445",Garchomp,Dragon,Ground,"600","108","130","95","80","85","102","4",False,1.4114072745156,43.608485021761
"445",GarchompMega Garchomp,Dragon,Ground,"700","108","170","115","120","95","92","4",False,1.4114072745156,43.608485021761
"446",Munchlax,Normal,,"390","135","85","40","40","85","5","4",False,1.43194726905953,43.5645314096643
"447",Riolu,Fighting,,"285","40","70","40","35","40","60","4",False,1.45297189441963,43.6226411101064
"448",Lucario,Fighting,Steel,"525","70","110","70","115","70","90","4",False,1.41993614726497,43.5978627900017
"448",LucarioMega Lucario,Fighting,Steel,"625","70","145","88","140","70","112","4",False,1.41993614726497,43.5978627900017
"449",Hippopotas,Ground,,"330","68","72","78","38","42","32","4",False,1.45898682589056,43.6046310715464
"450",Hippowdon,Ground,,"525","108","112","118","68","72","47","4",False,1.47381724208817,43.6240749957786
"451",Skorupi,Poison,Bug,"330","40","50","90","30","55","65","4",False,1.41601816202331,43.614454812155
"452",Drapion,Poison,Dark,"500","70","90","110","60","75","95","4",False,1.41339105482375,43.6333887561368
"453",Croagunk,Poison,Fighting,"300","48","61","40","61","40","50","4",False,1.48342336080944,43.569895014467
"454",Toxicroak,Poison,Fighting,"490","83","106","65","86","65","85","4",False,1.41065434563345,43.6252063111412
"455",Carnivine,Grass,,"454","74","100","72","90","72","46","4",False,1.38897981953134,43.5942927565579
"456",Finneon,Water,,"330","49","49","56","49","61","66","4",False,1.48411892175193,43.5764950224775
"457",Lumineon,Water,,"460","69","69","76","69","86","91","4",False,1.37988094699906,43.604400099982
"458",Mantyke,Water,Flying,"345","45","20","50","60","120","50","4",False,1.39341048762166,43.5585367783718
"459",Snover,Grass,Ice,"334","60","62","50","62","60","40","4",False,1.44051953969681,43.6086061739962
"460",Abomasnow,Grass,Ice,"494","90","92","75","92","85","60","4",False,1.4495002021545,43.6498653543085
"460",AbomasnowMega Abomasnow,Grass,Ice,"594","90","132","105","132","105","30","4",False,1.4495002021545,43.6498653543085
"461",Weavile,Dark,Ice,"510","70","120","65","45","85","125","4",False,1.48715986611347,43.6094621417051
"462",Magnezone,Electric,Steel,"535","70","70","115","130","90","60","4",False,1.47439298835874,43.5600566858912
"463",Lickilicky,Normal,,"515","110","85","95","80","95","50","4",False,1.49979327397699,43.5899142429659
"464",Rhyperior,Ground,Rock,"535","115","140","130","55","55","40","4",False,1.41547120542835,43.5605755927322
"465",Tangrowth,Grass,,"535","100","100","125","110","50","50","4",False,1.41270025788942,43.5844171544492
"466",Electivire,Electric,,"540","75","123","67","95","85","95","4",False,1.40640630462759,43.6028244820379
"467",Magmortar,Fire,,"540","75","95","67","125","95","83","4",False,1.37972896027561,43.6140112553946
"468",Togekiss,Fairy,Flying,"545","85","50","95","120","115","80","4",False,1.3992605461583,43.6005343641579
"469",Yanmega,Bug,Flying,"515","86","76","86","116","56","95","4",False,1.48033921923308,43.614166637891
"470",Leafeon,Grass,,"525","65","110","130","60","65","95","4",False,1.39792761553092,43.5739614163815
"471",Glaceon,Ice,,"525","65","60","110","130","95","65","4",False,1.41443542534779,43.5533376786878
"472",Gliscor,Ground,Flying,"510","75","95","125","45","75","95","4",False,1.40320786738625,43.581886800564
"473",Mamoswine,Ice,Ground,"530","110","130","80","70","60","80","4",False,1.42387115458413,43.5699430721274
"474",Porygon-Z,Normal,,"535","85","80","70","135","75","90","4",False,1.43160989551433,43.6339372585154
"475",Gallade,Psychic,Fighting,"518","68","125","65","65","115","80","4",False,1.43360162262963,43.6351619024592
"475",GalladeMega Gallade,Psychic,Fighting,"618","68","165","95","65","115","110","4",False,1.43360162262963,43.6351619024592
"476",Probopass,Rock,Steel,"525","60","55","145","75","150","40","4",False,1.43032482104413,43.6052323852633
"477",Dusknoir,Ghost,,"525","45","100","135","65","135","45","4",False,1.51021674749753,43.5741832720584
"478",Froslass,Ice,Ghost,"480","70","80","70","80","70","110","4",False,1.42006476076388,43.6159271247718
"479",Rotom,Electric,Ghost,"440","50","50","77","95","77","91","4",False,1.45060288231979,43.5671653491843
"479",RotomHeat Rotom,Electric,Fire,"520","50","65","107","105","107","86","4",False,1.45060288231979,43.5671653491843
"479",RotomWash Rotom,Electric,Water,"520","50","65","107","105","107","86","4",False,1.45060288231979,43.5671653491843
"479",RotomFrost Rotom,Electric,Ice,"520","50","65","107","105","107","86","4",False,1.45060288231979,43.5671653491843
"479",RotomFan Rotom,Electric,Flying,"520","50","65","107","105","107","86","4",False,1.45060288231979,43.5671653491843
"479",RotomMow Rotom,Electric,Grass,"520","50","65","107","105","107","86","4",False,1.45060288231979,43.5671653491843
"480",Uxie,Psychic,,"580","75","75","130","75","130","95","4",True,1.49585726575615,43.5501596871332
"481",Mesprit,Psychic,,"580","80","105","105","105","105","80","4",True,1.46992215872672,43.5920950091483
"482",Azelf,Psychic,,"580","75","125","70","125","70","115","4",True,1.40346950989499,43.594552840138
"483",Dialga,Steel,Dragon,"680","100","120","120","150","100","90","4",True,1.46076414740521,43.5955685969849
"484",Palkia,Water,Dragon,"680","90","120","100","150","120","100","4",True,1.4419113671683,43.6243388131195
"485",Heatran,Fire,Steel,"600","91","90","106","130","106","77","4",True,1.39062987751775,43.5874894604235
"486",Regigigas,Normal,,"670","110","160","110","80","110","100","4",True,1.49785664971713,43.5722018858509
"487",GiratinaAltered Forme,Ghost,Dragon,"680","150","100","120","100","120","90","4",True,1.37348200332376,43.6096171939633
"487",GiratinaOrigin Forme,Ghost,Dragon,"680","150","120","100","120","100","90","4",True,1.37348200332376,43.6096171939633
"488",Cresselia,Psychic,,"600","120","70","120","75","130","85","4",False,1.50834585869301,43.5624763817427
"489",Phione,Water,,"480","80","80","80","80","80","80","4",False,1.44106004041861,43.6102872238031
"490",Manaphy,Water,,"600","100","100","100","100","100","100","4",False,1.48320622615797,43.5927243755184
"491",Darkrai,Dark,,"600","70","90","90","135","90","125","4",True,1.38472965344618,43.5939889744395
"492",ShayminLand Forme,Grass,,"600","100","100","100","100","100","100","4",True,1.42725435816333,43.5573404644622
"492",ShayminSky Forme,Grass,Flying,"600","100","103","75","120","75","127","4",True,1.42725435816333,43.5573404644622
"493",Arceus,Normal,,"720","120","120","120","120","120","120","4",True,1.40213898078254,43.5822820143118
"494",Victini,Psychic,Fire,"600","100","100","100","100","100","100","5",True,1.50565651250111,43.5402437071543
"495",Snivy,Grass,,"308","45","45","55","45","55","63","5",False,1.37013747024277,43.5965680877246
"496",Servine,Grass,,"413","60","60","75","60","75","83","5",False,1.45645794443394,43.6513616454581
"497",Serperior,Grass,,"528","75","75","95","75","95","113","5",False,1.45709625240164,43.6240625490747
"498",Tepig,Fire,,"308","65","63","45","45","45","45","5",False,1.38513102542578,43.6195820823321
"499",Pignite,Fire,Fighting,"418","90","93","55","70","55","55","5",False,1.38074821299915,43.5743241589166
"500",Emboar,Fire,Fighting,"528","110","123","65","100","65","65","5",False,1.45518702987436,43.5576852061134
"501",Oshawott,Water,,"308","55","55","45","63","45","45","5",False,1.45517132645195,43.6025096854061
"502",Dewott,Water,,"413","75","75","60","83","60","60","5",False,1.48764432412737,43.5362563069095
"503",Samurott,Water,,"528","95","100","85","108","70","70","5",False,1.40916289699005,43.6349367763592
"504",Patrat,Normal,,"255","45","55","39","35","39","42","5",False,1.43317982002119,43.5891507917009
"505",Watchog,Normal,,"420","60","85","69","60","69","77","5",False,1.45125204102117,43.5894403499725
"506",Lillipup,Normal,,"275","45","60","45","25","45","55","5",False,1.4984577898042,43.5665232813826
"507",Herdier,Normal,,"370","65","80","65","35","65","60","5",False,1.45439055250584,43.5965169421389
"508",Stoutland,Normal,,"500","85","110","90","45","90","80","5",False,1.43107233880958,43.6091737116591
"509",Purrloin,Dark,,"281","41","50","37","50","37","66","5",False,1.46174413046055,43.6143371180234
"510",Liepard,Dark,,"446","64","88","50","88","50","106","5",False,1.42653724276271,43.6594934583747
"511",Pansage,Grass,,"316","50","53","48","53","48","64","5",False,1.41809268117654,43.6452330846286
"512",Simisage,Grass,,"498","75","98","63","98","63","101","5",False,1.43227142297457,43.6479992062139
"513",Pansear,Fire,,"316","50","53","48","53","48","64","5",False,1.43448174056347,43.5912531333091
"514",Simisear,Fire,,"498","75","98","63","98","63","101","5",False,1.43420400643142,43.5567994380619
"515",Panpour,Water,,"316","50","53","48","53","48","64","5",False,1.38981599412924,43.601699389514
"516",Simipour,Water,,"498","75","98","63","98","63","101","5",False,1.42898682761177,43.5583925482067
"517",Munna,Psychic,,"292","76","25","45","67","55","24","5",False,1.40663888582821,43.5596985538918
"518",Musharna,Psychic,,"487","116","55","85","107","95","29","5",False,1.45414534140493,43.6493772594197
"519",Pidove,Normal,Flying,"264","50","55","50","36","30","43","5",False,1.38006500978739,43.5687946686226
"520",Tranquill,Normal,Flying,"358","62","77","62","50","42","65","5",False,1.48652584243724,43.5427352026958
"521",Unfezant,Normal,Flying,"488","80","115","80","65","55","93","5",False,1.43411945654853,43.6039875607741
"522",Blitzle,Electric,,"295","45","60","32","50","32","76","5",False,1.50311250792794,43.5735339702891
"523",Zebstrika,Electric,,"497","75","100","63","80","63","116","5",False,1.39908418023887,43.6339583311229
"524",Roggenrola,Rock,,"280","55","75","85","25","25","15","5",False,1.38667100097831,43.5723509850814
"525",Boldore,Rock,,"390","70","105","105","50","40","20","5",False,1.40029781127242,43.568879235075
"526",Gigalith,Rock,,"515","85","135","130","60","80","25","5",False,1.40360673530348,43.5574838164888
"527",Woobat,Psychic,Flying,"313","55","45","43","55","43","72","5",False,1.47752633931805,43.5740503681969
"528",Swoobat,Psychic,Flying,"425","67","57","55","77","55","114","5",False,1.43184487614071,43.5805590076311
"529",Drilbur,Ground,,"328","60","85","40","30","45","68","5",False,1.48494855558802,43.6111447895824
"530",Excadrill,Ground,Steel,"508","110","135","60","50","65","88","5",False,1.40538780443039,43.6139600565776
"531",Audino,Normal,,"445","103","60","86","60","86","50","5",False,1.42994917430917,43.6332071327825
"531",AudinoMega Audino,Normal,Fairy,"545","103","60","126","80","126","50","5",False,1.42994917430917,43.6332071327825
"532",Timburr,Fighting,,"305","75","80","55","25","35","35","5",False,1.42599124011191,43.5689730889916
"533",Gurdurr,Fighting,,"405","85","105","85","40","50","40","5",False,1.45125767707999,43.589126129182
"534",Conkeldurr,Fighting,,"505","105","140","95","55","65","45","5",False,1.48257299200157,43.5653637982187
"535",Tympole,Water,,"294","50","50","40","50","40","64","5",False,1.38318115514399,43.6113218671136
"536",Palpitoad,Water,Ground,"384","75","65","55","65","55","69","5",False,1.49911013710348,43.5613436228071
"537",Seismitoad,Water,Ground,"509","105","95","75","85","75","74","5",False,1.38539847582788,43.6088554807821
"538",Throh,Fighting,,"465","120","100","85","30","85","45","5",False,1.42677081170722,43.5956865089162
"539",Sawk,Fighting,,"465","75","125","75","30","75","85","5",False,1.44947273897279,43.641010235179
"540",Sewaddle,Bug,Grass,"310","45","53","70","40","60","42","5",False,1.39182717651624,43.5990919041937
"541",Swadloon,Bug,Grass,"380","55","63","90","50","80","42","5",False,1.41891856427928,43.6345626990499
"542",Leavanny,Bug,Grass,"500","75","103","80","70","80","92","5",False,1.48695963470076,43.6364086838175
"543",Venipede,Bug,Poison,"260","30","45","59","30","39","57","5",False,1.43551338496918,43.6528845363746
"544",Whirlipede,Bug,Poison,"360","40","55","99","40","79","47","5",False,1.47175738417647,43.5880977700015
"545",Scolipede,Bug,Poison,"485","60","100","89","55","69","112","5",False,1.50401794502099,43.5800351665013
"546",Cottonee,Grass,Fairy,"280","40","27","60","37","50","66","5",False,1.48366090087212,43.5965431067182
"547",Whimsicott,Grass,Fairy,"480","60","67","85","77","75","116","5",False,1.45418236618101,43.6538247621612
"548",Petilil,Grass,,"280","45","35","50","70","50","30","5",False,1.4940131255103,43.6235368085073
"549",Lilligant,Grass,,"480","70","60","75","110","75","90","5",False,1.41674326219406,43.6068188158504
"550",Basculin,Water,,"460","70","92","65","80","55","98","5",False,1.40258564758078,43.5763069866884
"551",Sandile,Ground,Dark,"292","50","72","35","35","35","65","5",False,1.50740707978144,43.5761276496565
"552",Krokorok,Ground,Dark,"351","60","82","45","45","45","74","5",False,1.38992896413933,43.5766939542774
"553",Krookodile,Ground,Dark,"519","95","117","80","65","70","92","5",False,1.40181184777057,43.5708940849718
"554",Darumaka,Fire,,"315","70","90","45","15","45","50","5",False,1.46125417706668,43.6118602977195
"555",DarmanitanStandard Mode,Fire,,"480","105","140","55","30","55","95","5",False,1.49228451978658,43.6286519890065
"555",DarmanitanZen Mode,Fire,Psychic,"540","105","30","105","140","105","55","5",False,1.49228451978658,43.6286519890065
"556",Maractus,Grass,,"461","75","86","67","106","67","60","5",False,1.51592737357805,43.5333164509219
"557",Dwebble,Bug,Rock,"325","50","65","85","35","35","55","5",False,1.44039409529872,43.566877194157
"558",Crustle,Bug,Rock,"475","70","95","125","65","75","45","5",False,1.48942319070013,43.6206525430245
"559",Scraggy,Dark,Fighting,"348","50","75","70","35","70","48","5",False,1.4151780128453,43.5897472559582
"560",Scrafty,Dark,Fighting,"488","65","90","115","45","115","58","5",False,1.3737183475149,43.5895980918226
"561",Sigilyph,Psychic,Flying,"490","72","58","80","103","80","97","5",False,1.48494627132631,43.615917531493
"562",Yamask,Ghost,,"303","38","30","85","55","65","30","5",False,1.44906410883309,43.6279616680811
"563",Cofagrigus,Ghost,,"483","58","50","145","95","105","30","5",False,1.48662070743885,43.5815907560137
"564",Tirtouga,Water,Rock,"355","54","78","103","53","45","22","5",False,1.41791633546523,43.559820839625
"565",Carracosta,Water,Rock,"495","74","108","133","83","65","32","5",False,1.47278818372196,43.6410099923173
"566",Archen,Rock,Flying,"401","55","112","45","74","45","70","5",False,1.37470109078225,43.6244158304699
"567",Archeops,Rock,Flying,"567","75","140","65","112","65","110","5",False,1.39525077872406,43.573711053276
"568",Trubbish,Poison,,"329","50","50","62","40","62","65","5",False,1.39780266745477,43.6009393120425
"569",Garbodor,Poison,,"474","80","95","82","60","82","75","5",False,1.42734597327488,43.6566502264773
"570",Zorua,Dark,,"330","40","65","40","80","40","65","5",False,1.45974801534559,43.5550263911014
"571",Zoroark,Dark,,"510","60","105","60","120","60","105","5",False,1.39955555147327,43.5694005844619
"572",Minccino,Normal,,"300","55","50","40","40","40","75","5",False,1.42309653153753,43.6472348980488
"573",Cinccino,Normal,,"470","75","95","60","65","60","115","5",False,1.36224628511019,43.6164314064499
"574",Gothita,Psychic,,"290","45","30","50","55","65","45","5",False,1.49037578638357,43.6050739443191
"575",Gothorita,Psychic,,"390","60","45","70","75","85","55","5",False,1.47349341689577,43.6246645425592
"576",Gothitelle,Psychic,,"490","70","55","95","95","110","65","5",False,1.39565185546625,43.6031333630406
"577",Solosis,Psychic,,"290","45","30","40","105","50","20","5",False,1.50162798810617,43.5971906125947
"578",Duosion,Psychic,,"370","65","40","50","125","60","30","5",False,1.48287960401804,43.5905673195849
"579",Reuniclus,Psychic,,"490","110","65","75","125","85","30","5",False,1.45212703531687,43.637516945593
"580",Ducklett,Water,Flying,"305","62","44","50","44","50","55","5",False,1.40376237869279,43.5627095023661
"581",Swanna,Water,Flying,"473","75","87","63","87","63","98","5",False,1.42712856044365,43.6123214937855
"582",Vanillite,Ice,,"305","36","50","50","65","60","44","5",False,1.45023402013941,43.6412162317445
"583",Vanillish,Ice,,"395","51","65","65","80","75","59","5",False,1.49076143269878,43.5588182348274
"584",Vanilluxe,Ice,,"535","71","95","85","110","95","79","5",False,1.46380445918226,43.5663019346005
"585",Deerling,Normal,Grass,"335","60","60","50","40","50","75","5",False,1.36016569656618,43.6063058851048
"586",Sawsbuck,Normal,Grass,"475","80","100","70","60","70","95","5",False,1.42054123117782,43.5505781486239
"587",Emolga,Electric,Flying,"428","55","75","60","75","60","103","5",False,1.46829253587013,43.6390131938469
"588",Karrablast,Bug,,"315","50","75","45","40","45","60","5",False,1.46107486305558,43.5998893204473
"589",Escavalier,Bug,Steel,"495","70","135","105","60","105","20","5",False,1.38145079010166,43.6167748763246
"590",Foongus,Grass,Poison,"294","69","55","45","55","55","15","5",False,1.43705946055973,43.5860454194719
"591",Amoonguss,Grass,Poison,"464","114","85","70","85","80","30","5",False,1.38546314295126,43.5829418844274
"592",Frillish,Water,Ghost,"335","55","40","50","65","85","40","5",False,1.42151320510072,43.6124525316974
"593",Jellicent,Water,Ghost,"480","100","60","70","85","105","60","5",False,1.39047712774894,43.6238491874504
"594",Alomomola,Water,,"470","165","75","80","40","45","65","5",False,1.37366763507011,43.6119755563908
"595",Joltik,Bug,Electric,"319","50","47","50","57","50","65","5",False,1.44314370635279,43.5689917702223
"596",Galvantula,Bug,Electric,"472","70","77","60","97","60","108","5",False,1.38280345680628,43.5882500706168
"597",Ferroseed,Grass,Steel,"305","44","50","91","24","86","10","5",False,1.366777439826,43.5805194881346
"598",Ferrothorn,Grass,Steel,"489","74","94","131","54","116","20","5",False,1.47606561296021,43.5579319638866
"599",Klink,Steel,,"300","40","55","70","45","60","30","5",False,1.36847006150661,43.5940775077849
"600",Klang,Steel,,"440","60","80","95","70","85","50","5",False,1.40422635244625,43.5791363496792
"601",Klinklang,Steel,,"520","60","100","115","70","85","90","5",False,1.40907709747403,43.6118939242037
"602",Tynamo,Electric,,"275","35","55","40","45","40","60","5",False,1.38220291932626,43.5770550556883
"603",Eelektrik,Electric,,"405","65","85","70","75","70","40","5",False,1.50719885513322,43.5509463394625
"604",Eelektross,Electric,,"515","85","115","80","105","80","50","5",False,1.41988570267534,43.602388067681
"605",Elgyem,Psychic,,"335","55","55","55","85","55","30","5",False,1.44174070135428,43.6063760634951
"606",Beheeyem,Psychic,,"485","75","75","75","125","95","40","5",False,1.45359378620677,43.5650288307483
"607",Litwick,Ghost,Fire,"275","50","30","55","65","55","20","5",False,1.39013652132642,43.626225069739
"608",Lampent,Ghost,Fire,"370","60","40","60","95","60","55","5",False,1.43223852515049,43.6377558310932
"609",Chandelure,Ghost,Fire,"520","60","55","90","145","90","80","5",False,1.3825684624345,43.5683054762313
"610",Axew,Dragon,,"320","46","87","60","30","40","57","5",False,1.47713914294695,43.6250127229465
"611",Fraxure,Dragon,,"410","66","117","70","40","50","67","5",False,1.4650303115413,43.6381525667598
"612",Haxorus,Dragon,,"540","76","147","90","60","70","97","5",False,1.38779145887053,43.5599287664283
"613",Cubchoo,Ice,,"305","55","70","40","60","40","40","5",False,1.39672414601029,43.6308541300908
"614",Beartic,Ice,,"485","95","110","80","70","80","50","5",False,1.42523434357019,43.6040879416735
"615",Cryogonal,Ice,,"485","70","50","30","95","135","105","5",False,1.50436775050983,43.5769415258315
"616",Shelmet,Bug,,"305","50","40","85","40","65","25","5",False,1.37149660045875,43.5778477672176
"617",Accelgor,Bug,,"495","80","70","40","100","60","145","5",False,1.41572596651681,43.5590902132447
"618",Stunfisk,Ground,Electric,"471","109","66","84","81","99","32","5",False,1.35968639034849,43.6151422387796
"619",Mienfoo,Fighting,,"350","45","85","50","55","50","65","5",False,1.44007216996803,43.5846174853636
"620",Mienshao,Fighting,,"510","65","125","60","95","60","105","5",False,1.4151167438134,43.6310948702447
"621",Druddigon,Dragon,,"485","77","120","90","60","90","48","5",False,1.51281769831088,43.5768300289875
"622",Golett,Ground,Ghost,"303","59","74","50","35","50","35","5",False,1.35996983073284,43.5927923019711
"623",Golurk,Ground,Ghost,"483","89","124","80","55","80","55","5",False,1.42118952454251,43.5969386196862
"624",Pawniard,Dark,Steel,"340","45","85","70","40","40","60","5",False,1.39484364251262,43.6326593890512
"625",Bisharp,Dark,Steel,"490","65","125","100","60","70","70","5",False,1.40165213554935,43.5593344161752
"626",Bouffalant,Normal,,"490","95","110","95","40","95","55","5",False,1.44800244712599,43.6242422417263
"627",Rufflet,Normal,Flying,"350","70","83","50","37","50","60","5",False,1.45914264445822,43.5948648040438
"628",Braviary,Normal,Flying,"510","100","123","75","57","75","80","5",False,1.42955515403969,43.6260646059066
"629",Vullaby,Dark,Flying,"370","70","55","75","45","65","60","5",False,1.41836081418152,43.5516049036307
"630",Mandibuzz,Dark,Flying,"510","110","65","105","55","95","80","5",False,1.47575217293036,43.603456149365
"631",Heatmor,Fire,,"484","85","97","66","105","66","65","5",False,1.42130991345956,43.6441222892539
"632",Durant,Bug,Steel,"484","58","109","112","48","48","109","5",False,1.42528127059433,43.6537269700397
"633",Deino,Dark,Dragon,"300","52","65","50","45","50","38","5",False,1.40172486845447,43.6129260243309
"634",Zweilous,Dark,Dragon,"420","72","85","70","65","70","58","5",False,1.44412141834858,43.5644702168657
"635",Hydreigon,Dark,Dragon,"600","92","105","90","125","90","98","5",False,1.44552989280995,43.6243957516287
"636",Larvesta,Bug,Fire,"360","55","85","55","50","55","60","5",False,1.36103638530536,43.6028732934865
"637",Volcarona,Bug,Fire,"550","85","60","65","135","105","100","5",False,1.39763986104253,43.6231406939151
"638",Cobalion,Steel,Fighting,"580","91","90","129","90","72","108","5",True,1.49817050342439,43.5925740418682
"639",Terrakion,Rock,Fighting,"580","91","129","90","72","90","108","5",True,1.48488469852491,43.5943929490578
"640",Virizion,Grass,Fighting,"580","91","90","72","90","129","108","5",True,1.39702258019383,43.5930837263429
"641",TornadusIncarnate Forme,Flying,,"580","79","115","70","125","80","111","5",True,1.48134153813178,43.620330726504
"641",TornadusTherian Forme,Flying,,"580","79","100","80","110","90","121","5",True,1.48134153813178,43.620330726504
"642",ThundurusIncarnate Forme,Electric,Flying,"580","79","115","70","125","80","111","5",True,1.48490022961753,43.6115882004714
"642",ThundurusTherian Forme,Electric,Flying,"580","79","105","70","145","80","101","5",True,1.48490022961753,43.6115882004714
"643",Reshiram,Dragon,Fire,"680","100","120","100","150","120","90","5",True,1.46763078697833,43.6067363575639
"644",Zekrom,Dragon,Electric,"680","100","150","120","120","100","90","5",True,1.39957234235055,43.5926790211033
"645",LandorusIncarnate Forme,Ground,Flying,"600","89","125","90","115","80","101","5",True,1.35944392675001,43.6044035346111
"645",LandorusTherian Forme,Ground,Flying,"600","89","145","90","105","80","91","5",True,1.35944392675001,43.6044035346111
"646",Kyurem,Dragon,Ice,"660","125","130","90","130","90","95","5",True,1.38886659330773,43.5955934027166
"646",KyuremBlack Kyurem,Dragon,Ice,"700","125","170","100","120","90","95","5",True,1.38886659330773,43.5955934027166
"646",KyuremWhite Kyurem,Dragon,Ice,"700","125","120","90","170","100","95","5",True,1.38886659330773,43.5955934027166
"647",KeldeoOrdinary Forme,Water,Fighting,"580","91","72","90","129","90","108","5",False,1.42551187486865,43.5550129514306
"647",KeldeoResolute Forme,Water,Fighting,"580","91","72","90","129","90","108","5",False,1.42551187486865,43.5550129514306
"648",MeloettaAria Forme,Normal,Psychic,"600","100","77","77","128","128","90","5",False,1.46398714727841,43.6273181096385
"648",MeloettaPirouette Forme,Normal,Fighting,"600","100","128","90","77","77","128","5",False,1.46398714727841,43.6273181096385
"649",Genesect,Bug,Steel,"600","71","120","95","120","95","99","5",False,1.39377688965071,43.6276255097605
"650",Chespin,Grass,,"313","56","61","65","48","45","38","6",False,1.4573107097455,43.5931217200098
"651",Quilladin,Grass,,"405","61","78","95","56","58","57","6",False,1.50030836912995,43.5645010761114
"652",Chesnaught,Grass,Fighting,"530","88","107","122","74","75","64","6",False,1.43290445978931,43.6089991467438
"653",Fennekin,Fire,,"307","40","45","40","62","60","60","6",False,1.40145799981274,43.6153174909819
"654",Braixen,Fire,,"409","59","59","58","90","70","73","6",False,1.430228934305,43.5583237775236
"655",Delphox,Fire,Psychic,"534","75","69","72","114","100","104","6",False,1.41626827644754,43.5831981466544
"656",Froakie,Water,,"314","41","56","40","62","44","71","6",False,1.49415104308165,43.6257617693073
"657",Frogadier,Water,,"405","54","63","52","83","56","97","6",False,1.50488901419016,43.5443839756298
"658",Greninja,Water,Dark,"530","72","95","67","103","71","122","6",False,1.50254701379103,43.5636165686847
"659",Bunnelby,Normal,,"237","38","36","38","32","36","57","6",False,1.41217006725718,43.6055712175492
"660",Diggersby,Normal,Ground,"423","85","56","77","50","77","78","6",False,1.40421495862098,43.627185678258
"661",Fletchling,Normal,Flying,"278","45","50","43","40","38","62","6",False,1.48768262402285,43.5747273820145
"662",Fletchinder,Fire,Flying,"382","62","73","55","56","52","84","6",False,1.49505697032118,43.5432568270441
"663",Talonflame,Fire,Flying,"499","78","81","71","74","69","126","6",False,1.50464037408178,43.5610690978001
"664",Scatterbug,Bug,,"200","38","35","40","27","25","35","6",False,1.39951292424181,43.5977251547727
"665",Spewpa,Bug,,"213","45","22","60","27","30","29","6",False,1.43203829878609,43.6224200025947
"666",Vivillon,Bug,Flying,"411","80","52","50","90","50","89","6",False,1.42431446078083,43.6113815496895
"667",Litleo,Fire,Normal,"369","62","50","58","73","54","72","6",False,1.40688595230017,43.6079945398073
"668",Pyroar,Fire,Normal,"507","86","68","72","109","66","106","6",False,1.43777264429974,43.6232669073361
"669",FlabÃ©bÃ©,Fairy,,"303","44","38","39","61","79","42","6",False,1.42950554313609,43.5857664736268
"670",Floette,Fairy,,"371","54","45","47","75","98","52","6",False,1.41574763542905,43.5700176239662
"671",Florges,Fairy,,"552","78","65","68","112","154","75","6",False,1.51062141724908,43.5322551480969
"672",Skiddo,Grass,,"350","66","65","48","62","57","52","6",False,1.45501737428762,43.5712988467279
"673",Gogoat,Grass,,"531","123","100","62","97","81","68","6",False,1.47002631668513,43.6409946419609
"674",Pancham,Fighting,,"348","67","82","62","46","48","43","6",False,1.40318824228197,43.5936736806518
"675",Pangoro,Fighting,Dark,"495","95","124","78","69","71","58","6",False,1.48938879358407,43.6327071993077
"676",Furfrou,Normal,,"472","75","80","60","65","90","102","6",False,1.45720441292128,43.5537430827637
"677",Espurr,Psychic,,"355","62","48","54","63","60","68","6",False,1.48549404106368,43.5390371221711
"678",MeowsticMale,Psychic,,"466","74","48","76","83","81","104","6",False,1.46059022266973,43.5632405815116
"678",MeowsticFemale,Psychic,,"466","74","48","76","83","81","104","6",False,1.46059022266973,43.5632405815116
"679",Honedge,Steel,Ghost,"325","45","80","100","35","37","28","6",False,1.49966234333615,43.5425231358154
"680",Doublade,Steel,Ghost,"448","59","110","150","45","49","35","6",False,1.46674116944843,43.6026737764742
"681",AegislashBlade Forme,Steel,Ghost,"520","60","150","50","150","50","60","6",False,1.4373518021044,43.5867575668557
"681",AegislashShield Forme,Steel,Ghost,"520","60","50","150","50","150","60","6",False,1.4373518021044,43.5867575668557
"682",Spritzee,Fairy,,"341","78","52","60","63","65","23","6",False,1.49419243888745,43.6174643668034
"683",Aromatisse,Fairy,,"462","101","72","72","99","89","29","6",False,1.36694913772052,43.583535356833
"684",Swirlix,Fairy,,"341","62","48","66","59","57","49","6",False,1.39406866918433,43.6129828739343
"685",Slurpuff,Fairy,,"480","82","80","86","85","75","72","6",False,1.49113730005831,43.6244083967201
"686",Inkay,Dark,Psychic,"288","53","54","53","37","46","45","6",False,1.39064457900277,43.614743469785
"687",Malamar,Dark,Psychic,"482","86","92","88","68","75","73","6",False,1.46024351831512,43.5622122408114
"688",Binacle,Rock,Water,"306","42","52","67","39","56","50","6",False,1.42124847594204,43.6425907018072
"689",Barbaracle,Rock,Water,"500","72","105","115","54","86","68","6",False,1.48558413900746,43.544845596677
"690",Skrelp,Poison,Water,"320","50","60","60","60","60","30","6",False,1.44557782988601,43.6295544905647
"691",Dragalge,Poison,Dragon,"494","65","75","90","97","123","44","6",False,1.42697097889109,43.603310221059
"692",Clauncher,Water,,"330","50","53","62","58","63","44","6",False,1.39346665374961,43.5602905505799
"693",Clawitzer,Water,,"500","71","73","88","120","89","59","6",False,1.42928371681519,43.6614339561489
"694",Helioptile,Electric,Normal,"289","44","38","33","61","43","70","6",False,1.45539694755916,43.5783981170241
"695",Heliolisk,Electric,Normal,"481","62","55","52","109","94","109","6",False,1.42590121442252,43.5900150817074
"696",Tyrunt,Rock,Dragon,"362","58","89","77","45","45","48","6",False,1.37668303797772,43.6037402475793
"697",Tyrantrum,Rock,Dragon,"521","82","121","119","69","59","71","6",False,1.35941109243149,43.604068661784
"698",Amaura,Rock,Ice,"362","77","59","50","67","63","46","6",False,1.39623450182948,43.6241018675684
"699",Aurorus,Rock,Ice,"521","123","77","72","99","92","58","6",False,1.44598938315662,43.6109548386474
"700",Sylveon,Fairy,,"525","95","65","65","110","130","60","6",False,1.41358116181883,43.5534878848861
"701",Hawlucha,Fighting,Flying,"500","78","92","75","74","63","118","6",False,1.47304018714025,43.6404620596898
"702",Dedenne,Electric,Fairy,"431","67","58","57","81","67","101","6",False,1.39422978244801,43.5574674583737
"703",Carbink,Rock,Fairy,"500","50","50","150","50","150","50","6",False,1.45562184319149,43.6347658827789
"704",Goomy,Dragon,,"300","45","50","35","55","75","40","6",False,1.41762443497333,43.5578049575405
"705",Sliggoo,Dragon,,"452","68","75","53","83","113","60","6",False,1.4620476445177,43.6510724502842
"706",Goodra,Dragon,,"600","90","100","70","110","150","80","6",False,1.47012422244573,43.6094385549099
"707",Klefki,Steel,Fairy,"470","57","80","91","80","87","75","6",False,1.39390062953047,43.5689593211348
"708",Phantump,Ghost,Grass,"309","43","70","48","50","60","38","6",False,1.42667046432836,43.5620372691015
"709",Trevenant,Ghost,Grass,"474","85","110","76","65","82","56","6",False,1.42423906739549,43.6080436179851
"710",PumpkabooAverage Size,Ghost,Grass,"335","49","66","70","44","55","51","6",False,1.39599765353139,43.6264324391421
"710",PumpkabooSmall Size,Ghost,Grass,"335","44","66","70","44","55","56","6",False,1.39599765353139,43.6264324391421
"710",PumpkabooLarge Size,Ghost,Grass,"335","54","66","70","44","55","46","6",False,1.39599765353139,43.6264324391421
"710",PumpkabooSuper Size,Ghost,Grass,"335","59","66","70","44","55","41","6",False,1.39599765353139,43.6264324391421
"711",GourgeistAverage Size,Ghost,Grass,"494","65","90","122","58","75","84","6",False,1.4152037437713,43.6174759264882
"711",GourgeistSmall Size,Ghost,Grass,"494","55","85","122","58","75","99","6",False,1.4152037437713,43.6174759264882
"711",GourgeistLarge Size,Ghost,Grass,"494","75","95","122","58","75","69","6",False,1.4152037437713,43.6174759264882
"711",GourgeistSuper Size,Ghost,Grass,"494","85","100","122","58","75","54","6",False,1.4152037437713,43.6174759264882
"712",Bergmite,Ice,,"304","55","69","85","32","35","28","6",False,1.45963970185555,43.6112854816012
"713",Avalugg,Ice,,"514","95","117","184","44","46","28","6",False,1.40567283234099,43.5772007291955
"714",Noibat,Flying,Dragon,"245","40","30","35","45","40","55","6",False,1.4775532312922,43.5824869547109
"715",Noivern,Flying,Dragon,"535","85","70","80","97","80","123","6",False,1.41668285738786,43.5515834352917
"716",Xerneas,Fairy,,"680","126","131","95","131","98","99","6",True,1.4952469004188,43.5893377375336
"717",Yveltal,Dark,Flying,"680","126","131","95","131","98","99","6",True,1.4794121433475,43.6396106109905
"718",Zygarde50% Forme,Dragon,Ground,"600","108","100","121","81","95","95","6",True,1.42728505743167,43.6548673123344
"719",Diancie,Rock,Fairy,"600","50","100","150","100","150","50","6",True,1.42627483374349,43.6483249393712
"719",DiancieMega Diancie,Rock,Fairy,"700","50","160","110","160","110","110","6",True,1.42627483374349,43.6483249393712
"720",HoopaHoopa Confined,Psychic,Ghost,"600","80","110","60","150","130","70","6",True,1.3669605579217,43.6152093634834
"720",HoopaHoopa Unbound,Psychic,Dark,"680","80","160","60","170","130","80","6",True,1.3669605579217,43.6152093634834
"721",Volcanion,Fire,Water,"600","80","110","120","130","90","70","6",True,1.37660412113537,43.5797856862711
